sql_id,start_lno,end_lno
zzzz,0,1
vexb,1,4
tqzc,4,7
pzpa,7,10
terd,10,38
xvev,38,71
pyxb,71,99
tm6x,99,123
xm6e,123,126
tupv,126,129
xrea,129,132
vyzx,132,135
tf7w,135,153
zbyc,153,176
rzqu,176,194
zbqy,194,208
rz5y,208,211
zfee,211,228
zrfw,228,250
xbxv,250,267
pmzb,267,280
rbfu,280,283
xz5c,283,286
vbdv,286,289
rrfb,289,292
pb5e,292,295
rrre,295,319
rrdz,319,350
zr6a,350,364
xvqx,364,385
vz7d,385,398
rvew,398,418
xqqx,418,446
pfqd,446,479
xaxx,479,507
zzxw,507,531
zryf,531,549
prqz,549,572
vrev,572,590
pm5c,590,604
tezd,604,621
ryqd,621,643
xkrx,643,660
tvzz,660,673
zz7x,673,676
vv5z,676,700
zvpe,700,714
taqf,714,727
zepf,727,729
